"","a","sigma","N_0","sigma_obs","z","d","b","c","e","f","sigma2","g","h","loglik","loglik.se.se"
"1",0.0844264438582249,1.2077082742248,0.0927435855894655,-0.372188958501245,0.750590774649257,0,0,0.305218664180332,0,0,-0.0215629911089684,0,0.552799754797987,-49.2784230179066,0.00448920070739047
"2",0.0908959580528814,1.20508501900782,0.0891955898008396,0.372583444685005,0.724505604703036,0,0,0.303961938601742,0,0,0.0316220093236859,0,0.550814815215873,-49.2489492009109,0.00474720581100569
"3",0.0847019998813393,1.2198247099729,0.110413476023269,-0.359388887010938,0.74604167635989,0,0,0.314775830256663,0,0,0.0899433751860002,0,0.56835953079628,-49.2742697053076,0.00456725665723341
"4",0.0880931343323981,-1.18440452566805,0.109639217244499,-0.376195981506726,0.721623053885032,0,0,0.313173339052051,0,0,-0.0822958270251343,0,0.553568712957365,-49.3384773984482,0.00499452204341821
"5",0.0820454127155786,1.28389294041397,0.108747961255171,0.369510076094243,0.664372902090308,0,0,0.317845995867096,0,0,0.100649400393397,0,0.564377174295886,-49.2982530267658,0.00502582257658012
"6",0.093069415854685,1.18107827482113,0.0626745703414983,-0.386915712739442,0.727767995989759,0,0,0.301554844064504,0,0,-0.0839096314759158,0,0.545865562831478,-49.5295020095501,0.00448871042260499
"7",0.0883491216617633,-1.25724059119278,0.102373419044005,0.378170955264806,0.65767331540962,0,0,0.310780323416129,0,0,-0.0938868193794789,0,0.553341329787938,-49.3226560258443,0.00511645539873158
"8",0.0839527595330189,-1.33205635067098,0.119335640489323,0.355608057459872,0.641147328633963,0,0,0.315149756637623,0,0,0.108469893235282,0,0.558166397048585,-49.3555404912321,0.00489657693776676
"9",0.0842358061976533,-1.27377960481038,0.106752826258458,-0.379994720242859,0.677867780115688,0,0,0.319766474092007,0,0,0.0922198113283915,0,0.565018001587374,-49.4696276836972,0.00427407010511668
"10",0.080136800305571,1.19584182934103,0.110021878357861,0.372655575784128,0.742377882280108,0,0,0.316237782057084,0,0,0.0797592113817129,0,0.562098016559406,-49.2599482081971,0.00498323444292153
"11",0.0891881996180146,-1.26895946543368,0.111380606168446,0.363801282076397,0.662282858460893,0,0,0.309971352717001,0,0,-0.077569891699212,0,0.549121439778267,-49.3206804769189,0.00522831629606069
"12",0.0891611578403226,1.36845763217188,0.132147559716678,-0.353982079095026,0.610426764611034,0,0,0.31218050582462,0,0,-0.111746538482454,0,0.558918842018665,-49.5975460981178,0.00489525303325494
"13",0.078881161063643,-1.23756566405038,0.116314953635456,0.360125175196948,0.74389576623068,0,0,0.313320670643228,0,0,-0.113457410775351,0,0.558203951568701,-49.2584557203414,0.00444778498186419
"14",0.0802586097958526,-1.13746682419696,0.100837235146105,-0.378539245803841,0.766516177184399,0,0,0.306243314331099,0,0,-0.0561693008964026,0,0.553768988563502,-49.477038133267,0.005945724080801
"15",0.0950759662922836,1.22245369802263,0.0865031986992134,0.382141641536277,0.698614306639042,0,0,0.303539963926798,0,0,-0.101225339466708,0,0.552933817631132,-49.3943183714958,0.00445254870234641
"16",0.0895708045816231,-1.20770681849432,0.113296548539444,-0.370531954457668,0.726322886610096,0,0,0.309594859298851,0,0,0.0987020037989429,0,0.557954081035137,-49.2267718760764,0.00467991819538231
"17",0.0759899394659106,1.28363652971139,0.122685114203555,0.357004420562714,0.730792757579634,0,0,0.317332112666099,0,0,0.0786458234196062,0,0.567181564501414,-49.3661322479186,0.00421256706110684
"18",0.0853865441654197,-1.25938282396527,0.0795756436001551,0.387526980037658,0.610534492384346,0,0,0.324671499011426,0,0,-0.1704729377712,0,0.560969366054621,-50.02523241826,0.00671773716980619
"19",0.0892063884537547,-1.21809635482634,0.11672138852427,-0.360288914447837,0.739544035653569,0,0,0.299002622141118,0,0,0.0853501235004775,0,0.547164270232365,-49.3855136382413,0.00462753364598165
"20",0.0858481526872185,1.1569664652483,0.065376305955827,-0.390460354818944,0.691440481369826,0,0,0.309910405797585,0,0,0.144787939758883,0,0.545311944978139,-49.7944795458326,0.00692940869889226
"21",0.0754549623226284,1.2467230952498,0.12090507333363,-0.368849099570308,0.705099889895116,0,0,0.318682770411002,0,0,-0.041676888834952,0,0.555649140248083,-49.4124805856954,0.00492794429996453
"22",0.0826993686167194,1.24897047422088,0.115907650336199,-0.370250188997176,0.726516737515677,0,0,0.320673659240296,0,0,0.0433617729258065,0,0.574366530329729,-49.4265691172596,0.00414212518704744
"23",0.0987872908923219,1.153429977509,0.0605307763315104,-0.385234317095264,0.694678425210521,0,0,0.296105427840148,0,0,-0.106102364704143,0,0.539174306652696,-49.6860397694896,0.00619246955954081
"24",0.0870889791953858,1.12451675664694,0.0995638059380767,-0.382360921615945,0.781242193190469,0,0,0.312360234327624,0,0,0.0724598549895261,0,0.566097285161994,-49.4341744003756,0.00510888309297804
"25",0.0857594713781922,-1.29355767277939,0.113920138288594,-0.355017611356285,0.656365419379407,0,0,0.312972431352799,0,0,0.0815842333176363,0,0.564370345482969,-49.3998838543178,0.00552497525728978
"26",0.0828136415305642,-1.1907311595903,0.122871752401333,-0.368721948270683,0.737555183543381,0,0,0.316170977829123,0,0,0.039039401003436,0,0.565136164997514,-49.2926619810041,0.00522693869483321
"27",0.0876759471228184,1.22571472564793,0.111634504452963,0.364420890415558,0.701280083724194,0,0,0.30849255821902,0,0,0.0752177376554523,0,0.551206322887319,-49.2010348213711,0.00516232217233667
"28",0.0887923115712844,-1.25954227130145,0.108228172044589,-0.369148680162826,0.682596892189754,0,0,0.313470764533505,0,0,-0.0924349189243078,0,0.56028426501642,-49.215298205267,0.00477987075471718
"29",0.0882573939877651,-1.13932657531783,0.100657911115395,-0.371516613531346,0.763690115145079,0,0,0.30744167142625,0,0,-0.0438034668198521,0,0.558126349461756,-49.2699536891794,0.0056897663826747
"30",0.0798121520126095,-1.22702272874189,0.0963150483787263,-0.3690973649425,0.712526669277135,0,0,0.309087519451341,0,0,0.0841678521705767,0,0.550938491669632,-49.3271433905493,0.00527423326130478
"31",0.0865914128931517,1.16272915219233,0.0994625348594021,-0.368113940033992,0.737902374658233,0,0,0.310282050576848,0,0,0.0182796430965351,0,0.559462898815977,-49.2603337721091,0.00595443391886403
"32",0.0890025918086084,-1.33016495898814,0.126379925421055,-0.360060024979166,0.635627178059751,0,0,0.315623166045299,0,0,-0.00428451355996675,0,0.559289034511437,-49.4222906952037,0.00460745453541681
"33",0.0816043656031688,-1.21093471735881,0.110564969427741,-0.361285540283543,0.783931909623425,0,0,0.309136026431903,0,0,-0.0779415706619969,0,0.558455293993794,-49.2776511597337,0.00410417933562198
"34",0.0854804919238065,1.12630543219185,0.101728143906765,0.372524494208617,0.796695390028158,0,0,0.304999512210867,0,0,-0.0969464179918733,0,0.55326642841508,-49.3629393003875,0.00509196783347284
"35",0.0932709130303338,1.14020629628793,0.0956572947715324,0.37658398563648,0.769188461978201,0,0,0.306207372100685,0,0,0.0270616006949237,0,0.559641541022518,-49.32614816821,0.00492907838449406
"36",0.0732068962360306,1.21506444762646,0.115847313472175,0.362131267681391,0.779310558592073,0,0,0.320663189055265,0,0,0.0659636242851421,0,0.568953024102433,-49.4068337933279,0.00431211962492915
"37",0.088172264941283,1.22527669189219,0.114592616900279,-0.363703204990202,0.715763522681938,0,0,0.309322005848495,0,0,0.0904091857397651,0,0.558314752850077,-49.1840452520963,0.00488620311554352
"38",0.0870383990011421,-1.18787692375165,0.0960800410713537,-0.379345646547229,0.702156352809467,0,0,0.320618524738881,0,0,-0.0772694521423749,0,0.572171759269073,-49.4199198702304,0.0057282971644773
"39",0.0894062235763692,1.2832140481512,0.104853692443944,0.366527059353773,0.674461250553854,0,0,0.306172664616817,0,0,0.120239678060282,0,0.554733559875794,-49.3294710973809,0.00458847971621346
"40",0.0830021914109793,-1.27453333154018,0.120297708701963,-0.365781335239232,0.658253876547632,0,0,0.316363741933824,0,0,0.0279170721351178,0,0.562249426647377,-49.2850033852671,0.00559998737478004
"41",0.0872423144970991,-1.241637829238,0.111685828483503,-0.361155177265882,0.707346028805499,0,0,0.309691190567437,0,0,0.0451200187464848,0,0.558860961148919,-49.1604528679325,0.00482128509489162
"42",0.0841102239366422,1.19108906005048,0.122177853465423,0.363285803100688,0.75091614361649,0,0,0.310961718815613,0,0,0.0441697666744023,0,0.562200339644106,-49.2270403499242,0.00510994221407325
"43",0.0923458821933994,-1.1878499580307,0.0984183804348024,-0.370580614354767,0.736473215133584,0,0,0.311631240753517,0,0,0.00878334951881042,0,0.565961710053682,-49.2859933331702,0.00479256044798535
"44",0.0889569901940159,-1.18522655727796,0.12021303269244,0.373658825755005,0.741029623671793,0,0,0.305865067336245,0,0,-0.0818310584792286,0,0.558812688308162,-49.3500490280069,0.00482128967428961
"45",0.0971843058654332,-1.30230063491987,0.100177200003077,0.368627952087374,0.626972203336736,0,0,0.310666100607707,0,0,0.0292719715429906,0,0.561092351871876,-49.459024429296,0.00486901328663176
"46",0.0981296354881949,1.21242222373227,0.081018574716476,0.379946093721966,0.695367689693169,0,0,0.306915345921745,0,0,-0.0563313895992338,0,0.553371395855213,-49.4277578550645,0.00457500536643271
"47",0.0897790160131048,-1.2262413704569,0.101946252788655,-0.382421221069525,0.674092996100277,0,0,0.31160959741724,0,0,0.0794773769328444,0,0.552182400634429,-49.3513616577596,0.00517790629981215
"48",0.0876926965554945,1.23428021489901,0.112520911157999,-0.369099519211547,0.713033431563614,0,0,0.303422003757793,0,0,-0.0205156052411424,0,0.552577085747547,-49.2195124733398,0.00470675118322102
"49",0.087233226384325,-1.18698414622805,0.102238055577208,-0.36453033591083,0.758263243462678,0,0,0.308839169197292,0,0,0.124754714657457,0,0.557744098390998,-49.2938978536294,0.00473743449754409
"50",0.0891766418240855,-1.19987186395634,0.100482401786917,0.371516888162737,0.729312645631062,0,0,0.303027949455026,0,0,0.0312259752072331,0,0.547418930368455,-49.2163986611265,0.00472142926660882
"51",0.0891210411495688,-1.23502469524329,0.0941818524314827,-0.369323820071106,0.689465311248053,0,0,0.315040010232322,0,0,0.0462533379305242,0,0.565968432449736,-49.2836904555249,0.00507607596518216
"52",0.0923134869198469,1.23861414630597,0.13318140519271,-0.369159471489542,0.714309741566144,0,0,0.306684252714546,0,0,0.0546945022387388,0,0.55777636061553,-49.4317818066165,0.00430981057898258
"53",0.0900004530570531,1.30084566781466,0.104133624020322,0.376415399233092,0.630171298377917,0,0,0.307552487385811,0,0,-0.0451845625549935,0,0.5486081319717,-49.4013137839468,0.00486278672409811
"54",0.0826231736618464,1.17430417288318,0.112667482300013,0.367024990723304,0.794597520814772,0,0,0.310671481026672,0,0,0.0193760657916584,0,0.563438860018116,-49.2820987144189,0.00435684453028544
"55",0.0856824741912074,-1.28559996823232,0.12059854832534,-0.369622976962609,0.667050123219378,0,0,0.311687683140413,0,0,-0.00735196057789709,0,0.563772801164652,-49.3135737076029,0.00478810655478755
"56",0.0811425617271786,1.31942888032623,0.137937679697928,-0.357520470811618,0.656519033980962,0,0,0.313530670310777,0,0,-0.138350779924052,0,0.553204687614309,-49.580009321817,0.00477975870575258
"57",0.081202104185584,1.17453238734527,0.096400975518106,-0.374673056859917,0.764333565118685,0,0,0.314381647862088,0,0,0.0151054575897619,0,0.56167508506359,-49.2585760225736,0.0048276531529263
"58",0.0798951618929231,-1.17622614058148,0.108275895610988,-0.357837719051488,0.751495686747962,0,0,0.316351770944684,0,0,-0.0300251226252777,0,0.56703248544879,-49.3712509386173,0.00604288166761767
"59",0.0847557191598198,-1.19258453272701,0.109022617360592,-0.366137847874588,0.715137457165228,0,0,0.306440437236005,0,0,-0.0268198747262765,0,0.553899047717365,-49.3004588014983,0.00616775307513422
"60",0.0853494207962479,1.27890296440323,0.134738858980514,0.368118844782997,0.659019272328569,0,0,0.316267512607967,0,0,-0.00374959571184366,0,0.567084174033205,-49.4629306114307,0.00525927131239331
"61",0.0857340384713199,1.16154419282128,0.11261523010857,-0.371797623544902,0.78962956035722,0,0,0.301375026183366,0,0,0.0547548376077649,0,0.543003854829977,-49.4279274571195,0.00436424606827092
"62",0.0887175433209373,1.23758752552011,0.116991002819192,0.367068980657202,0.715542929113015,0,0,0.309804456606976,0,0,-0.0116401912392726,0,0.555607651565843,-49.2055884510039,0.00440653074973246
"63",0.0790561647752149,-1.25828159117485,0.124600822897285,-0.353457813605276,0.735927868682942,0,0,0.310595183151986,0,0,0.00324718112262188,0,0.556336599628746,-49.2568191492714,0.00445811977321866
"64",0.0781159459648741,1.33258529391451,0.118169999240765,0.348267974303748,0.69068585251582,0,0,0.319653483447297,0,0,0.093493918881895,0,0.566789698314371,-49.4211788191381,0.00426147931406242
"65",0.0688041254724561,1.26320895356924,0.120527002380576,-0.369496193187515,0.695494551387577,0,0,0.321073451655831,0,0,-0.0567086977407809,0,0.550474371723175,-49.7711281406769,0.00515588310619568
"66",0.0752910584575242,1.25651945204122,0.12286902559839,-0.351707981912747,0.746312610452883,0,0,0.318181406609135,0,0,0.0357007640869948,0,0.563866135761285,-49.3151518507016,0.00434939912444258
"67",0.0881121867604065,1.3089768524103,0.118869551560338,0.366491559874374,0.67758694767582,0,0,0.311951115588755,0,0,-0.0632044783029555,0,0.561869390758644,-49.3273605604863,0.0041403352299154
"68",0.0874390577210616,-1.18826859598104,0.101709092944609,0.356467447848993,0.766113368798709,0,0,0.304583377543599,0,0,0.0553916216675973,0,0.554671352942336,-49.3327173092397,0.00488781285222106
"69",0.0812192702339856,-1.2021671265116,0.101259602439673,-0.365595401731415,0.754130440296827,0,0,0.309967078748313,0,0,0.0903817042663789,0,0.557080913340573,-49.2141815583353,0.00474546034127773
"70",0.0795533650886871,1.19112978084342,0.110944536443292,-0.353331970399449,0.778862839261373,0,0,0.309303350048704,0,0,-0.0207274648318346,0,0.558768879127919,-49.2691427561917,0.00494229941978045
"71",0.0756716943839819,1.19970295034629,0.110252712982091,-0.361970703275545,0.789369487804736,0,0,0.315186540761975,0,0,-0.0381562429208047,0,0.564668261826387,-49.2966057451253,0.00436170757434205
"72",0.0846527157480292,1.26001454140743,0.112048044213668,-0.36632328531717,0.707855601004607,0,0,0.315662576012129,0,0,0.0778660045290028,0,0.561991261692538,-49.2248136556885,0.0043081722901608
"73",0.0832662522652429,-1.09865705432736,0.0790617204665445,0.371356001558958,0.781043318615587,0,0,0.311736021847454,0,0,0.00575350752344925,0,0.564997044761253,-49.6882929004364,0.00700510070446087
"74",0.0933165679558153,-1.21990706528699,0.100920553148072,0.375635330517279,0.699308542124307,0,0,0.304849451672869,0,0,-0.0865405871530885,0,0.554557813063814,-49.2477232567706,0.00483624015552295
"75",0.0778050288558347,-1.23107514927109,0.0919014196494326,-0.364677591597434,0.749975621649373,0,0,0.316773764488044,0,0,-0.0404387771408887,0,0.569663043164881,-49.397016367819,0.00443949888894435
"76",0.0794341786902242,1.3148260436236,0.108602505060524,0.360525822028789,0.67642088431365,0,0,0.313884802258407,0,0,-0.0715672210097715,0,0.558165273906667,-49.2939883385687,0.004547624386201
"77",0.0887438805887415,-1.13516092456522,0.0909985392609575,-0.37663475503898,0.743196447146537,0,0,0.314130372784853,0,0,0.0434447446810758,0,0.56265001880037,-49.3673076547578,0.00585755880045015
"78",0.0808097109754839,-1.18355054909767,0.113361572711996,-0.37342827071528,0.734394813270959,0,0,0.321682743272947,0,0,0.0605169828453597,0,0.570282475235783,-49.3901544175382,0.00533391604082022
"79",0.0832981137361229,1.28725646551957,0.123064125627791,-0.347246300982957,0.711296587318091,0,0,0.315664079363795,0,0,0.0595397074653992,0,0.563571964298938,-49.4158829168642,0.00436400120841065
"80",0.0887288776373227,-1.17938843061581,0.105294467418563,0.388689298543731,0.704958523467857,0,0,0.319234049077001,0,0,0.00135974453324927,0,0.568416681309951,-49.5311246103477,0.00532249955603177
"81",0.086162566246706,-1.21998708463174,0.105024124264173,-0.354012032767793,0.736598629993285,0,0,0.306127698156322,0,0,-0.115633250488451,0,0.552105513223859,-49.3721578815851,0.00484684656440629
"82",0.0833013638033378,-1.30913319942089,0.106785591384203,-0.371834012209596,0.638341357145522,0,0,0.32621074125534,0,0,-0.0972739279900046,0,0.565144587427867,-49.5296764034353,0.00480696745967518
"83",0.0803086763743852,-1.24715989561388,0.105669148677825,-0.357181796560493,0.711816889197592,0,0,0.31917168910739,0,0,0.113258213744598,0,0.566412763484336,-49.3046670036884,0.00494261343593548
"84",0.100800647626535,1.28029786438199,0.108030934125805,-0.376349250372043,0.64413980532302,0,0,0.30135315657607,0,0,-0.0709134972715081,0,0.550549391633939,-49.4621471889258,0.0044944205521491
"85",0.0874302622738126,1.3173923628364,0.111387970326984,-0.370010958192728,0.65026129658976,0,0,0.31703606957704,0,0,0.113468357275096,0,0.56396217094891,-49.3719329240921,0.00443122323734473
"86",0.0847805710519031,-1.14112818628781,0.0916123438737092,-0.371434496169284,0.795456757731657,0,0,0.303058036166569,0,0,-0.00997978800542287,0,0.55382993703778,-49.3565642470665,0.00494606351047622
"87",0.0823772382709038,-1.29603555989818,0.102888420894014,-0.370200425357547,0.644802546392761,0,0,0.328712760650605,0,0,0.104154451147434,0,0.570927862670148,-49.5723880226598,0.00502155751516297
"88",0.0851210955581661,1.25896915721342,0.111560827370353,-0.362537874572688,0.730548178001792,0,0,0.309412328219538,0,0,0.142092839268758,0,0.554212914309366,-49.4016650233401,0.00403943130266928
"89",0.0812720461803163,-1.18495058670892,0.0844253373837996,-0.369118175759204,0.722444307457087,0,0,0.316119798636673,0,0,0.00748876361018547,0,0.553343464190679,-49.4700698131435,0.00566282018252981
"90",0.0842764431799308,1.26508721430451,0.118472250762895,-0.356545328479111,0.669649851432473,0,0,0.314274124945523,0,0,-0.00440827184998021,0,0.552108775753241,-49.4067238374077,0.00545039028518877
"91",0.0876846260431097,-1.20654165618277,0.116150554613345,0.363001184000239,0.729683481683303,0,0,0.30421336787235,0,0,0.0524706459391237,0,0.554783342900047,-49.2329878834716,0.00515362276795757
"92",0.0917509580402705,1.21578592185244,0.106127683759115,-0.370108225790357,0.715452283263424,0,0,0.299094054115115,0,0,0.0617972345216321,0,0.54779919810393,-49.2957955455302,0.00478462322659844
"93",0.0843672438333536,1.28249258690677,0.118988764845774,0.365960178759585,0.679180307354324,0,0,0.310997134583748,0,0,0.00876021901029549,0,0.558740312057999,-49.1945847323483,0.00476826884729504
"94",0.0880295726989367,1.19330620432121,0.124246250064663,0.359237289556355,0.748180403930222,0,0,0.308745180927678,0,0,0.0145740647120115,0,0.562528315775864,-49.3241139687958,0.00504181185911854
"95",0.0808735742438275,1.2139095214641,0.113264218998413,0.371501882333592,0.731177090434838,0,0,0.314188754184486,0,0,-0.114409970103343,0,0.560908806654938,-49.2903394967838,0.00486339726007205
"96",0.0930995842784039,-1.14435425006008,0.100320315590002,-0.384601983873441,0.756672597040242,0,0,0.303001968802281,0,0,-0.0274022271054843,0,0.548230610689627,-49.3790846634083,0.00455550133136872
"97",0.0920298369712095,-1.21536575413769,0.0924182605070665,-0.37765260445641,0.69590228334479,0,0,0.308952186345462,0,0,-0.033994047131109,0,0.562606397094189,-49.2644869182088,0.0050280213497845
"98",0.0858805733304306,-1.14212564372021,0.110801871775438,-0.365763086172352,0.776300449926903,0,0,0.309040209376546,0,0,0.141301055841918,0,0.553114996719954,-49.4565683210145,0.00530015172556961
"99",0.0792666640960662,-1.22631725040622,0.112252338498256,0.360974946777601,0.751892565622553,0,0,0.320180630946757,0,0,-0.112264082297186,0,0.561249018031677,-49.4067401910552,0.00428751403710104
"100",0.093642919381079,-1.25682707599672,0.100039084585339,0.366764841184046,0.660586170407072,0,0,0.308963443327476,0,0,-0.00593619648842251,0,0.557506506964027,-49.3096770402744,0.00523227146356704
"101",0.0767079448359441,1.28561285809285,0.10631630579177,0.365180899743853,0.644373248441732,0,0,0.3192366991276,0,0,0.131891934403677,0,0.556780917994463,-49.5638877374296,0.00609448866439315
"102",0.089680883557271,1.2399308662145,0.100356848265157,-0.370744938723386,0.729036219836199,0,0,0.306767624188945,0,0,0.00449464004630209,0,0.557254880452083,-49.2770484634673,0.00402609097717928
"103",0.0863894238255326,1.21407727211752,0.115666003756293,-0.368124662831599,0.753376315641185,0,0,0.306707665397014,0,0,-0.0464105829725179,0,0.554665295650325,-49.232691711346,0.00419145902415641
"104",0.0843482212840582,1.20908117385089,0.121901837450937,-0.360517266250728,0.738047409183592,0,0,0.310942779140202,0,0,-0.0442981097361455,0,0.557735213598611,-49.1948997427869,0.00484607382309087
"105",0.0820590088356208,-1.24837099294838,0.117734845591263,0.369667956615344,0.717363288573438,0,0,0.315862203526389,0,0,0.0425082946965955,0,0.566321697210341,-49.2585930343731,0.00436964474947799
"106",0.0956707639055676,-1.09002965017103,0.0971364965810344,0.387116886414661,0.769652621320706,0,0,0.298668442440887,0,0,0.0944406584722855,0,0.546429564748827,-49.5784771487704,0.00576308844391092
"107",0.0827005980880795,-1.14103064468621,0.0705490315615981,0.381743537548224,0.761586649733945,0,0,0.30566812599263,0,0,-0.115897542604414,0,0.543394106280076,-49.573452487944,0.00540704442326912
"108",0.0810368545907134,-1.13970666969269,0.117934602721461,0.366921757406332,0.794398882962961,0,0,0.308139561589047,0,0,0.115260480279135,0,0.554160480076496,-49.4528010868577,0.00530206374918153
"109",0.0893809699583383,-1.17793442542911,0.102989984352121,0.371591568370834,0.740834206200938,0,0,0.309007566113469,0,0,0.0831059605148862,0,0.561162453384643,-49.2164484963931,0.00497112683502854
"110",0.0890929556592766,1.29310676252834,0.116580598467505,0.36014299333461,0.692420327285263,0,0,0.308598451305195,0,0,0.0962113481015441,0,0.554168688456647,-49.3205175784925,0.00415399743692653
"111",0.0893281274892282,1.16208664014694,0.107122351324064,0.377759802792102,0.732333247430314,0,0,0.303908732769819,0,0,0.016159263691306,0,0.548940205461165,-49.2652255153424,0.00553840858338814
"112",0.0861392194563555,-1.29535610561943,0.115134249289388,0.357868179452124,0.681056030011031,0,0,0.318649806515005,0,0,-0.114708308814068,0,0.570257719175672,-49.3907746040209,0.00443917377097528
"113",0.0888105277382104,1.21094883771375,0.12680889330348,0.369434641020353,0.714095244164507,0,0,0.314117912010617,0,0,-0.0860817121153485,0,0.55983685194741,-49.3746850536892,0.00483932859349925
"114",0.0784661413887468,1.20370710643816,0.104470432352434,0.372410043639423,0.719930874880874,0,0,0.312757347651032,0,0,0.00218297284313761,0,0.555843078224667,-49.2873750704551,0.00558428434186347
"115",0.0874686214866114,1.24735152726713,0.133699352496434,0.370087587364496,0.691554856509313,0,0,0.303957605312447,0,0,0.0153590751152083,0,0.548805214297317,-49.4355146430868,0.00486095712078077
"116",0.0842409802088351,1.20482076906385,0.0885701741623915,0.370266614256866,0.716732870416821,0,0,0.308560060452048,0,0,-0.0546140915903513,0,0.553839942234292,-49.2759680693215,0.00528156344299159
"117",0.0880721997346676,1.21817014984917,0.100457550624342,0.373694538827676,0.70488063687266,0,0,0.305668980649874,0,0,0.0486063182149855,0,0.549934371032729,-49.1919685928951,0.00506031713582749
"118",0.0781023857171163,1.22720134302921,0.125550679136096,0.356671584182297,0.752231577795701,0,0,0.316254447901114,0,0,0.112092345041572,0,0.564517539196155,-49.3297656601049,0.00462253871834985
"119",0.0850513430860548,1.29540025051284,0.115638478330629,0.361996247251869,0.640910495673507,0,0,0.302876339082167,0,0,0.126977840796975,0,0.547108718199032,-49.687367892367,0.00585931688951811
"120",0.0798052631203244,1.26984042519148,0.125889421068675,-0.353526039015933,0.727449921553528,0,0,0.310475077198614,0,0,0.0945119563856298,0,0.552018752959001,-49.3275557257411,0.00438968189322584
"121",0.0875270952288388,-1.21743557343341,0.100511799088031,0.374210245488301,0.738530336644336,0,0,0.305339568759007,0,0,0.101656183745782,0,0.55407932401154,-49.323968238855,0.00435709883732466
"122",0.0952204070655156,1.10924733477121,0.0712725298310222,-0.395050531936295,0.78334749603492,0,0,0.296239976145312,0,0,-0.0894107728516673,0,0.544205094592873,-49.6245353322913,0.00457519168154979
"123",0.0803053277819265,-1.16451479773521,0.106539799877153,0.370862630319068,0.7945162829041,0,0,0.306560750377029,0,0,-0.0260533819819158,0,0.551652247670553,-49.3231871139526,0.00452796226898041
"124",0.0799581003564275,1.16282102389196,0.0838818873862854,-0.375115250859108,0.80198010466229,0,0,0.310347786209545,0,0,-0.0625845928806314,0,0.557408628804499,-49.4654865867984,0.00438942426184666
"125",0.0789795585891322,1.22105903524717,0.11992082948433,0.360576278666739,0.774679646204472,0,0,0.311953785001158,0,0,0.0275729387147447,0,0.565660301749097,-49.316252371006,0.00427324964964782
"126",0.0879339331613798,-1.13847665526915,0.0564273469013921,0.387064190924845,0.778600788962879,0,0,0.3076889896727,0,0,-0.00830594958660176,0,0.552628766846959,-49.5728382456183,0.00449834126641443
"127",0.089302580265329,-1.22919795178054,0.0790297650330318,-0.380500584161717,0.710862914135847,0,0,0.305674779617289,0,0,-0.00649306772680798,0,0.556445287613082,-49.4299957964707,0.00438413967502273
"128",0.0730582160444359,1.18503794484472,0.106575258250574,-0.350995271969651,0.765060902429452,0,0,0.321825878583524,0,0,-0.0158388167073408,0,0.564006152791924,-49.590371406493,0.00552787519684554
"129",0.0810552700190536,1.24114824423938,0.116944031700698,0.363382903235892,0.709241029776267,0,0,0.312570459806965,0,0,-0.109061538737634,0,0.552155075040932,-49.2555959957377,0.00492578058179452
"130",0.0830022302662897,-1.27584588552639,0.0685661252402478,0.379753980084405,0.646691895119476,0,0,0.321120248986986,0,0,0.11031357078636,0,0.559630702433757,-49.7596030008227,0.00521077820744699
"131",0.0899805493145391,1.24608555406296,0.0986028293672934,0.370119698641573,0.699992917853836,0,0,0.315812618147361,0,0,-0.116464566114938,0,0.562234999372954,-49.3720203679478,0.00431516659200427
"132",0.0963362649310275,-1.178557022069,0.0907791746552944,0.374108888171524,0.710149207622398,0,0,0.305545241665823,0,0,-0.11342316453574,0,0.548793803599055,-49.4128531409401,0.00531350258084964
"133",0.0901033782542504,-1.1711436692806,0.0930911226925343,-0.37288857371191,0.739926609554128,0,0,0.313073090548478,0,0,-0.110485267558547,0,0.560427782345017,-49.3225392102074,0.00499363970885878
"134",0.0898562760024415,1.22199164966511,0.0838452565579139,0.373283596797632,0.719620570729281,0,0,0.306879613830314,0,0,0.0483384278368998,0,0.557509080036298,-49.3131796378094,0.0045095709105263
"135",0.0887527440419095,-1.2167638696552,0.111740161496256,0.367022280463853,0.707020386425915,0,0,0.310609441225763,0,0,0.0892272156429106,0,0.558460103788397,-49.1881558221096,0.00520218214978207
"136",0.0857435999736898,-1.2245154586204,0.107211474685292,0.363438900331958,0.709503173171348,0,0,0.314323367799374,0,0,0.0844522632211809,0,0.559461462576034,-49.2034727111211,0.00516749832947492
"137",0.0963797226655674,-1.28210832728884,0.0896027036781586,-0.378638265062513,0.673363794753319,0,0,0.304760300881564,0,0,0.025713227494026,0,0.551470089624068,-49.5329956146642,0.00393805978596167
"138",0.0809665975802927,-1.1930191023458,0.105783751010236,0.361114668321961,0.743472730315625,0,0,0.314239384194529,0,0,0.00500688386616312,0,0.565182101767777,-49.2395679852532,0.0054099825093982
"139",0.0848434590979671,-1.27265594045857,0.10806403639673,-0.362735764678902,0.703319159209137,0,0,0.312572234363384,0,0,0.0400077520526981,0,0.570354857471195,-49.351042873038,0.00440761612350239
"140",0.0816066631505899,1.26032785330056,0.11561517751764,-0.366253353989283,0.711424294561826,0,0,0.30965971439498,0,0,-0.0202554917221128,0,0.551175410959669,-49.2417026041999,0.00443369458132289
"141",0.0944303890130828,1.18334960742895,0.0980676222488903,0.37493215374247,0.740198880642761,0,0,0.303582571370823,0,0,0.0835490095355178,0,0.555488539786135,-49.2914871706464,0.00454429711206263
"142",0.081526768256976,-1.17699311629226,0.10000022598098,-0.370839985353171,0.756596989107363,0,0,0.313947333254678,0,0,-0.0109025098581464,0,0.557734068046335,-49.2259235545224,0.00494294292891576
"143",0.09412610649665,-1.18233939395693,0.116648632554703,-0.367296808634157,0.746677642095793,0,0,0.295111052575342,0,0,0.038413339858413,0,0.542265552673659,-49.4535532524291,0.00468895456232523
"144",0.0839665037520146,1.2077468842356,0.107241886202782,-0.366507997568238,0.72545601289301,0,0,0.30974868284226,0,0,-0.0556748198004729,0,0.555883245461936,-49.1480363573705,0.00519646167935707
"145",0.0856978836981983,-1.17035033789507,0.114174080595314,-0.377862372758543,0.744486790641355,0,0,0.319945329464808,0,0,-0.00299360824118711,0,0.565750377466778,-49.4950872196194,0.00477874798230229
"146",0.0953319739152672,1.27395951377277,0.108942634487328,-0.374196936642396,0.669091135840533,0,0,0.306163340346918,0,0,0.0597074050563784,0,0.554012728932296,-49.3194505856817,0.00426774657278366
"147",0.0882185852991997,1.24711966058387,0.0935814185750228,0.371752138686843,0.67319668309595,0,0,0.315056235146633,0,0,0.0858275049439486,0,0.56312835987407,-49.2792132217643,0.0051814018689678
"148",0.0922058487587394,-1.30253410865569,0.105600770792865,-0.372755124596492,0.643929634010352,0,0,0.306762822942036,0,0,0.011510188025614,0,0.552594162210642,-49.3173681606201,0.0045338634064202
"149",0.0766353157278706,-1.33144940920538,0.122348797733624,0.353081166684917,0.647388743024573,0,0,0.323437350017521,0,0,0.021590955670723,0,0.560701880460089,-49.4863822695695,0.00493496604060661
"150",0.0855233240548802,-1.29726392601853,0.0957312909665046,-0.36491697776171,0.670673556770885,0,0,0.315476894072281,0,0,0.110750571846529,0,0.559700901800153,-49.3629655912858,0.00443000340080866
"151",0.0800413638521885,-1.22186625751688,0.103960263328049,0.366235945685018,0.752718439446468,0,0,0.316402115191521,0,0,0.0751514147815957,0,0.561679163678829,-49.2617209909996,0.00426395702158614
"152",0.0884252723672763,1.15438806239048,0.106398036740317,-0.376260322582561,0.764076393035874,0,0,0.299643750408904,0,0,0.00320875998634621,0,0.54592293683315,-49.330927268323,0.00504674342404786
"153",0.0881145828854904,-1.25758947320764,0.105306172887058,-0.368437588511669,0.6915638714739,0,0,0.312285354256719,0,0,-0.0781370815147014,0,0.550834011101725,-49.3304790116592,0.0044943130164281
"154",0.0861901816416754,-1.21775586218354,0.115747819803177,-0.356830865613386,0.755267419876459,0,0,0.304053432989367,0,0,0.0187728142213528,0,0.554215194717657,-49.2443400480146,0.00448572073259137
"155",0.0781115107328155,1.23056001424589,0.0999707404330721,-0.365691183548445,0.730802840581529,0,0,0.318268552070058,0,0,0.0619554573458664,0,0.554824903387535,-49.3743148943301,0.00465883103429852
"156",0.0771998354069425,-1.22295233767804,0.125838641981288,-0.361511627289752,0.754103128500974,0,0,0.319952322364797,0,0,-0.122591685829711,0,0.570926420275997,-49.4688357977466,0.0046301326762403
"157",0.0935482788040782,-1.25752024306402,0.116098572981722,-0.36782585064549,0.670326016792741,0,0,0.307412399279309,0,0,0.120436774412333,0,0.555317344535824,-49.3187493423474,0.0049348804565074
"158",0.0833518366717987,-1.34602274849813,0.107590455753808,-0.363001848381094,0.658651821712506,0,0,0.314905875807466,0,0,0.134336688000468,0,0.557452956013354,-49.4737158218317,0.00417209390956003
"159",0.105691292933733,1.25702698327715,0.0975043157525377,0.371150492189223,0.652379248176448,0,0,0.305495514056046,0,0,0.0717388878567854,0,0.560558525828836,-49.7051790803057,0.0047402321461833
"160",0.0862300747882453,1.33823623758653,0.104836237599337,0.357331968153981,0.650360343718917,0,0,0.312911466433735,0,0,0.0186081825451839,0,0.559966931109432,-49.3568251179873,0.00442915985173324
"161",0.0781349935771241,-1.29884475046744,0.127112544351637,-0.358467128646403,0.670531614121942,0,0,0.309226580574308,0,0,-0.00995764479091984,0,0.550542681698275,-49.4382103902231,0.00508781827448285
"162",0.0835714798856518,-1.29524409007667,0.129292121138495,-0.36379025918847,0.663202413750153,0,0,0.312864297375283,0,0,-0.000835557595819562,0,0.559155649344395,-49.3096502560279,0.00490843146718567
"163",0.0818336645592052,1.2325098195322,0.134959830919283,0.362127174129622,0.743104924163334,0,0,0.308987964686922,0,0,-0.0728601713085077,0,0.547920680612187,-49.5140827215786,0.00426483577283096
"164",0.0769628918557339,1.31004203724442,0.13134776324293,-0.357901496613052,0.693672789504285,0,0,0.316869031365498,0,0,-0.0537801160021595,0,0.560580546477336,-49.3954604567534,0.00437225224847118
"165",0.0793744329489925,-1.25666801614677,0.106531011754953,0.369093335274112,0.72268181073054,0,0,0.315548217403786,0,0,-0.10427327909358,0,0.555205220945393,-49.3774391325969,0.00420423835712781
"166",0.0866796328519585,1.1441391029406,0.104413139822368,0.37615954528262,0.796505560312848,0,0,0.300143402632633,0,0,0.0528569388024434,0,0.547788199984568,-49.4046678658679,0.00453930919742825
"167",0.0797462345935962,1.16409180619905,0.0894433828626267,-0.370504397394801,0.753013601722873,0,0,0.307377690725238,0,0,-0.0453231469077179,0,0.550664230272646,-49.3659838451423,0.00582469803179893
"168",0.0796735835068241,-1.17348402629026,0.111431832898376,-0.363451335983093,0.771648968018285,0,0,0.316528294821196,0,0,0.00701784559318571,0,0.570555647233412,-49.3115105798452,0.0052651030003173
"169",0.0819937464269528,1.24749796803023,0.106572527519472,-0.374988062508048,0.696439839200042,0,0,0.31547684090069,0,0,0.0187905444676199,0,0.562978426231918,-49.2655897950923,0.00481296397707518
"170",0.0879886579040761,1.24556327613177,0.105402581017166,0.375756523440074,0.674657004716681,0,0,0.308931410013096,0,0,-0.117372335973023,0,0.553534182294795,-49.3006238551439,0.00504883155201006
"171",0.0793101299455201,1.24283254280332,0.116839852424113,-0.350682214952417,0.752793444189213,0,0,0.308304611678588,0,0,-0.043667654799767,0,0.548810564741904,-49.349125718346,0.00441999110567594
"172",0.0908841365831861,-1.08111871914117,0.0451212150877069,-0.385158322935667,0.777367152534857,0,0,0.301013837120075,0,0,-0.0323915461521753,0,0.544721907941361,-49.7012701198181,0.00641085656845136
"173",0.0941543895426067,-1.13542925617837,0.0905991987492133,-0.382605288247065,0.694368000829396,0,0,0.306456645207581,0,0,-0.0756745252088428,0,0.543451351886595,-49.624319621079,0.00732968480500484
"174",0.0861085485687922,1.24129627487927,0.109728054030222,0.361894129397516,0.747648014762674,0,0,0.302838632518681,0,0,-0.0169567388871052,0,0.545326842532894,-49.3635782370327,0.00401106182739988
"175",0.0858648903508871,1.32737936623722,0.114403023996029,-0.357253487332823,0.657405961583075,0,0,0.310829112295426,0,0,0.112404042846697,0,0.547704647729736,-49.4495519708209,0.00433370263080397
"176",0.0771587682213852,1.20563336203258,0.11453842576426,0.363319721533778,0.739858038694544,0,0,0.318206665109657,0,0,-0.0176865048242201,0,0.55995771175383,-49.2739107856695,0.00522071571814553
"177",0.088844003881688,1.25522138146951,0.114319619251477,0.357166546863816,0.717250913098366,0,0,0.312390005728138,0,0,0.110565785482071,0,0.568736453488212,-49.4057260041819,0.00436997436023537
"178",0.0957343032879203,-1.00056792191399,0.0248892664641897,0.411632443577521,0.832007229528895,0,0,0.303754069084361,0,0,0.0263924490850996,0,0.550200222203028,-50.2023225677904,0.00542004129249292
"179",0.0874853286450962,-1.32535872866578,0.111633747645521,-0.359525324604083,0.643305751392086,0,0,0.314876351288686,0,0,-0.0796399348931794,0,0.552917845670455,-49.4359180039981,0.0046459247054803
"180",0.0896457517519345,-1.31412694217677,0.11338327222131,0.367778005178878,0.623539692971364,0,0,0.310118370419784,0,0,-0.0394719258406091,0,0.554129455012302,-49.3334701509716,0.00518089577661202
"181",0.0851125148706464,-1.22905356773438,0.110086817972929,0.372459584947153,0.688150107471971,0,0,0.311155916623968,0,0,0.106579301594303,0,0.555434659261703,-49.2592759223172,0.00545265888436563
"182",0.092295294089696,-1.14515117234428,0.0911165562642493,0.388627659261662,0.738595750632536,0,0,0.296426951807143,0,0,0.00206143296096643,0,0.544061138726995,-49.4927140978126,0.00537885299628409
"183",0.0837461594574807,1.24507762360396,0.106946260806738,0.361729335603852,0.75085126779937,0,0,0.308837300263417,0,0,0.00530565347530067,0,0.56017624481253,-49.2545106832018,0.0040435047513403
"184",0.0861732403259382,1.13922141926395,0.0929494714444802,-0.378414047932603,0.764640729756043,0,0,0.309166117637098,0,0,-0.0319076098518807,0,0.553529135494384,-49.2845415248297,0.00516396280762095
"185",0.0775290318665294,1.15932420559855,0.10474384514905,0.362467314925633,0.802380120864152,0,0,0.314025139045929,0,0,-0.107027262882716,0,0.562082989836667,-49.3511809830941,0.00488663294241832
"186",0.0947522778259028,1.17907459452598,0.0685707050440889,-0.386719348493031,0.721800166156288,0,0,0.308948801669312,0,0,-0.0894972320072457,0,0.55229851394739,-49.4968039144521,0.00451462451436853
"187",0.0847739666455856,-1.2204935347239,0.0741442446573836,-0.382426540044324,0.709251942081431,0,0,0.304425666413997,0,0,-0.0996805370797023,0,0.543702637599826,-49.6145922021396,0.00473613733308432
"188",0.092994199562871,1.1702564634727,0.109081495584571,-0.382308781379999,0.723659837830745,0,0,0.310245845718763,0,0,0.0409045252655837,0,0.559602853421372,-49.3302448119888,0.00511328279621265
"189",0.0882595751372428,-1.18679587031624,0.0927618776732043,-0.35997878464916,0.76108044826831,0,0,0.315362369567291,0,0,0.00645729342171955,0,0.563437308652244,-49.5554839706923,0.00458258024509033
"190",0.0875568325825784,1.149029846723,0.109747521396935,0.381223231342607,0.698465132311348,0,0,0.31048616548202,0,0,-0.0752438205728488,0,0.565864780831931,-49.8440910235785,0.00811733992161854
"191",0.0879929128740984,1.27050437293127,0.110179502775084,-0.359314188398878,0.694001971275553,0,0,0.309362251734551,0,0,-0.0549651602298864,0,0.551181217088737,-49.2817609897643,0.00444030265696745
"192",0.0773670828433187,-1.20347696317789,0.11725202713572,0.358489921939147,0.772842696916336,0,0,0.310171086560507,0,0,-0.00793085934964057,0,0.556035756111936,-49.2360434304981,0.00471052039366917
"193",0.0933466193889146,-1.28870066354456,0.0993385055273158,0.363680005111071,0.657372455067398,0,0,0.31302471428436,0,0,0.127910729721737,0,0.567584996652724,-49.5134285535581,0.00480929806233775
"194",0.100033598061324,-1.18521715874761,0.0846003998358902,-0.382330127377872,0.691955514812346,0,0,0.303053510607839,0,0,0.0188382549944272,0,0.552594463092732,-49.3526757184662,0.00524537394747138
"195",0.087010908052794,-1.27872783439168,0.112878738987664,0.351632556510765,0.654331325513536,0,0,0.312390331527142,0,0,0.0890625692586566,0,0.554188537498925,-49.5496825183146,0.00585119739177153
"196",0.0920668860547112,-1.15138150359136,0.0595140284741222,-0.374540276700014,0.773523415800214,0,0,0.308658774223448,0,0,-0.0958468324826579,0,0.552717838606034,-49.7946117431419,0.00442658811259068
"197",0.0889036018767742,1.16092589630198,0.0878221864820968,0.376954608975428,0.766107143006573,0,0,0.301643167867008,0,0,0.00609296020248254,0,0.546638219698306,-49.3079050535685,0.00461322316418815
"198",0.0823456364661187,1.23168208721135,0.105508508335414,-0.362288306188825,0.729366156121528,0,0,0.313274670173417,0,0,-0.0178815646205397,0,0.555461479932435,-49.1980429867466,0.00472522091640755
"199",0.0888942245464741,-1.33887303652206,0.114818874943375,-0.36334714862325,0.636183898683627,0,0,0.314001310530114,0,0,-0.0096311833367501,0,0.561054553411609,-49.3146318755128,0.00446039439318648
"200",0.0828979567247514,1.23591825902439,0.121508335205256,0.356091928807627,0.723066464295354,0,0,0.318626833429342,0,0,0.064425754718598,0,0.558502315618912,-49.4478785190088,0.00473914973101879
